Skill,Count
Communication,56
Problem-Solving,18
Presentation,12
Interpersonal,9
Attention To Detail,7
Initiative,6
Data-Driven,5
Flexibility,5
Collaboration,5
Risk Management,4
Strategic Thinking,3
Time Management,3
Team Building,3
Critical Thinking,3
Analytical Thinking,2
Customer Service,2
Intuition,2
Negotiation,2
Influencing,2
Leadership,2
Business Acumen,1
Focus,1
Accountability,1
Creativity,1
Fast Learner,1
Stakeholder Management,1
Relationship Building,1
Listening,1
Compassion,1
Patience,1
Process Improvement,1
